"modules"	"Female_12545"	"Female_12994"	"Female_15240"	"Female_15296"	"Female_15533"	"Female_15768"	"Female_16286"	"Female_16548"	"Female_16840"	"Female_17068"	"Female_17081"	"Female_17109"	"Female_17111"	"Female_17130"	"Female_17160"	"Female_17221"	"Female_17229"	"Female_17486"	"Female_17543"	"Female_17666"	"Female_17753"	"Female_17812"	"Female_17835"	"Female_17921"	"Female_17923"	"Female_18015"	"Female_18139"	"Female_18241"	"Female_18266"	"Female_18282"	"Female_18294"	"Female_18349"	"Female_18355"	"Female_18372"	"Female_18559"	"Female_18611"	"Female_18655"	"Female_18687"	"Female_18694"	"Female_18983"	"Female_19031"	"Female_19043"	"Female_19052"	"Female_11396"	"Female_11654"	"Female_11907"	"Female_12116"	"Female_12153"	"Female_12972"	"Female_13117"	"Male_11875"	"Male_12107"	"Male_12546"	"Male_12993"	"Male_13142"	"Male_15329"	"Male_15468"	"Male_15655"	"Male_16117"	"Male_16483"	"Male_16488"	"Male_16640"	"Male_16649"	"Male_16810"	"Male_16826"	"Male_16859"	"Male_16929"	"Male_17013"	"Male_17049"	"Male_17053"	"Male_17054"	"Male_17071"	"Male_17072"	"Male_17087"	"Male_17115"	"Male_17162"	"Male_17167"	"Male_17175"	"Male_17193"	"Male_17264"	"Male_17333"	"Male_17369"	"Male_17372"	"Male_17475"	"Male_17521"	"Male_17629"	"Male_17671"	"Male_17701"	"Male_17754"	"Male_17922"	"Male_17932"	"Male_18055"	"Male_18134"	"Male_18153"	"Male_18208"	"Male_18249"	"Male_18382"	"Male_18528"	"Male_18529"	"Male_18540"	"Male_18596"	"Male_18653"	"Male_18666"	"Male_18856"	"Male_1117"	"Male_11511"	"Male_11834"	"Male_11844"	"Male_11885"	"Male_11892"	"Male_11900"	"Male_11921"	"Male_11928"	"Male_11952"	"Male_11971"	"Male_12134"	"Male_12152"	"Male_12680"	"Male_13144"
"M1"	6.88769140262818	6.6990726121657	7.0914928600241	7.25992751802879	7.01844964429537	7.33525869840222	7.18594168511073	7.5496283107879	6.83312663281805	6.77176432086043	6.9775663806887	7.02842047184433	7.42596229941622	7.05734104725467	6.93095152473908	7.49215852947041	6.8860247901617	6.86009870360348	7.32810174032316	7.33962283662414	7.28248734815624	6.93045548026443	7.3516701064971	7.62876082951481	6.73658866657158	7.36576727825395	7.41803473009989	7.01307117573431	6.61945243225245	7.47611587382564	7.14477910677858	7.15119725915096	7.37765427308821	7.15022405145765	7.38764424126166	7.34302021024198	7.41109407744596	7.25179005937188	7.3872640357638	7.33346335054399	7.38283749082401	7.21506156163131	7.26012733928106	7.19269679610734	6.72025238782494	6.81478092823326	6.77509106969877	6.71514224061544	6.74781961847023	6.95689122576989	6.85411179317564	7.00468166782751	6.82794034798437	6.88435890741265	7.16920926894031	7.24151096796325	7.42522006072279	7.2199803514263	7.4779955401947	7.41430988679573	6.95516378738686	7.23413437965828	7.47529571902425	6.95429445092974	6.79685646992961	7.38329483942695	7.20424707343174	6.79184349786872	6.61605981912833	7.0590319533219	6.81763570623326	7.05360101215419	6.87515575398389	7.24893197940786	7.41326666664536	6.93272483314827	7.60592192405037	6.87565606587501	6.8831637930822	7.06758160378799	6.60280782041989	6.77375149849193	7.53997676143243	7.32583966081681	7.46381334914204	6.73381152430984	6.85069935406995	7.3807754740445	6.80601889246288	6.58184723723055	7.4480021302647	7.11859363651436	6.58043917927744	6.68146609366777	6.75830148284042	7.41322203631335	7.51846155143287	6.94829528314361	7.42965330096376	7.07097480928347	6.87481795655077	7.45194718770949	7.26110405840964	7.17586303006212	6.76723985500997	7.01665211854168	6.74719555785254	7.18787271284023	6.70272238364264	7.12443852508357	6.82185619888033	6.93945638984919	6.68675813963972	6.75641101877049	7.2214959173003	6.71512107238154	6.72980438402353	6.78410298364517	7.30672348754181
"M10"	10.0824372404972	10.0988709045239	10.0940423422017	9.97093450609711	9.93041856520642	9.99655804435775	9.742859661337	9.80560610758136	9.83070412764702	10.0506880585132	10.2779352562393	9.99644832440811	9.9278433393758	9.87626583257181	10.5656331214297	9.94310346645182	10.051946924099	10.208729572483	9.65236319422271	10.1915978992476	9.85784348429005	9.83210355258112	9.91386803662085	9.84593905229133	9.75236687053197	9.92952162007003	9.95679308528373	10.0772808112575	9.87068278148661	9.92816551335449	10.0906739055879	9.92178242590043	9.83416867340725	9.82113005358102	10.0408861794852	9.81665756622645	9.99532051952893	9.86636799192337	9.91105354499595	9.95103535034129	10.0616154556256	10.0150872071953	9.84180748544548	10.1932895104	10.1231898370519	9.65161923781256	9.94197900584199	10.0019393368291	10.0402209709639	9.9762345520712	10.289270645238	10.1770356163002	10.1416301386978	10.0897601420872	10.0639162935746	9.92527065330921	9.86354354546923	9.67680217979724	9.90181027812885	9.92653979534063	10.001462574992	9.71465735516465	9.85920811699551	10.1846878463534	10.1045273153028	9.89008905059585	10.0360286316462	10.0263570179192	9.91357925247726	10.1355162724021	10.124685413569	10.1503284422539	10.2487487869422	10.1618530722421	9.89273150670706	10.256160850976	10.3233429980692	10.269172469607	9.80643375852026	9.88680191470898	9.96258156972652	10.2842391853745	9.8399735492384	10.0149733630759	9.83324862393409	9.95656408846092	9.98421429980765	10.2225749333306	9.81271067878679	10.0273787522486	9.89731252907338	9.86364354862568	9.83233970318499	10.127826829181	9.87367327564833	9.90288367030119	10.084213039865	9.99605014634298	10.0955356913824	9.99215612167199	9.83817471767234	9.9474448369247	9.89380716286074	9.93121232740011	9.77861029477889	10.1288870558227	9.77207258458233	9.95286928826983	9.75891235399063	10.0136581464918	9.87666685060015	9.78425084272245	9.90833700794241	9.8492295831128	9.84678258099632	9.99779400669565	10.1099995796223	10.4926610873369	9.87009129509537
"M11"	9.94717671225609	10.4070816906059	9.82637704732949	9.95522979658607	9.99309127830027	9.51564164006364	9.75763882003358	9.66612334228882	9.96219951085124	9.99489086766624	10.6516370302838	9.99722411785647	9.65005600805882	10.064624784952	10.5784369664615	9.84737542855078	10.0195181914779	10.5024961310768	9.68536318123975	10.0878008529119	9.77210546495411	10.0383956263215	9.61394713260019	9.51057834867455	10.1269519236486	9.7099112106105	9.59807350278582	10.17346950649	10.0758299729563	9.62724173201791	9.92333642290016	9.93398870969485	9.66928920010404	9.99984204146203	9.5414500113185	9.61729355882462	9.70356445346576	9.90649457798578	9.76295856403084	9.62364651991405	9.61386389042657	10.0335768194105	9.71616990404611	10.3036377221993	10.4759967018594	9.91579811846151	9.97555089037202	10.237449901566	10.0786603938175	10.0288165471246	10.0677052643858	10.1063845802282	10.3549896739794	10.06774727258	10.0119074655921	9.68921958319436	9.64658452494174	9.65515909730574	9.6320785961687	9.4855533257719	10.2186179543952	9.6295142666617	9.71549145400171	10.2743923193879	10.0427964546089	9.72778492401957	9.83198443668431	10.1840016272553	10.0102387536385	10.202427186021	10.3720376967015	10.169734094815	10.5975100519294	10.1722793525467	9.91302460167411	10.5930384516221	10.0482521815489	10.5579893613355	10.1269732596497	10.1311249600274	10.0903512425906	10.6653740326702	9.6016498128894	9.91701510395096	9.64380712916124	10.1644415495023	10.1714321641164	10.0567199441203	10.2931777436648	10.4185952853271	9.63021177031869	9.63787558714447	10.2243938310391	10.1126886148312	10.2002598297372	9.56350334567535	9.82279358848779	9.97615305251577	10.0224391827277	10.0583005562336	10.1309958114059	9.62857147481267	9.66258118949268	9.98665304152064	9.94967030692042	9.94206620606115	10.2328799050267	10.033277402829	10.1433220682923	10.0425667488219	9.88199179233946	9.92249847874781	10.0648172474482	9.94348568632357	9.77611999301064	10.1024917299157	10.4549700139297	10.5355401074541	9.61632456641403
"M12"	9.94601147078813	10.0566457218648	9.75586148470968	9.79467700373674	10.2001266450542	9.83897368806102	9.93981935797811	10.0808838993437	9.92942424090111	10.0804580545735	10.1623830393789	10.0075273431481	9.84903364290575	10.1289342445414	9.79316515506637	10.1540045752979	9.7553107739235	9.92943944679254	10.0506119201503	9.99892311502279	9.80908020403317	10.1003920125703	9.80307185830928	9.839186434372	9.93226601954624	9.97848942109868	9.86093116148491	10.1569584405914	9.94692637667526	10.0021043348755	9.98921233882491	9.96569201851969	9.98546383425722	10.0547361567553	9.80830859560644	9.89659144356625	10.0440387425139	9.96520767019532	10.0332900424317	9.92932122368549	9.79016606617562	10.185427164915	10.1412984468215	10.0311659204192	9.89139015825014	9.96786589371916	10.010684907881	10.1460589407277	10.2562425968613	9.95483388995821	9.7885835624104	9.96725939240444	9.88966305619638	9.99201224169505	10.0115513963108	9.75993603737691	9.87073563340606	9.85491708367351	9.88904499249768	9.84927460606185	10.2545619310232	9.9739056099592	10.0240469843037	9.92158407330175	10.0026933109674	9.81793942348273	9.94096761132418	9.82090503755356	9.8578796854422	9.91205606356366	9.98265696098183	9.99432994461282	9.9300734987962	9.8604250851414	9.8912972142609	9.98646797331018	9.73134626061469	10.0009241407402	9.9338674457432	10.1319763686798	9.86546093235144	10.0797220049742	9.93379442618435	9.83264581761528	9.90568977778992	10.0938488234819	10.0021410475338	9.99996968521489	9.98512601797003	10.298571612452	9.75560805416827	9.96583295480614	9.97478651482433	9.73387767591242	10.0176471157897	9.91134666705872	10.0617742985279	9.77274933866618	9.8256933489489	9.77533763610255	9.91246337077511	9.80535702221377	9.90756467981456	9.81905366687215	9.84248956674654	10.256674527694	10.003101481936	10.4374085281484	9.92197726737344	10.2539819691423	9.85308065149467	10.2175089570119	10.0242898755093	10.0828952367888	10.1146847554468	10.0585250867197	10.0217624615757	9.68641364519513	9.83899821771291
"M13"	8.50595349568107	8.09797269159888	8.72094304096425	8.71253822508944	9.0690638787629	9.25678337340764	8.69886171037604	8.90658609058319	8.0845108763959	8.74778037557951	8.43236121596569	8.39195674915647	8.97440427337611	8.61394798765448	8.6658236284718	8.80006930998269	8.65665518676125	8.08360553673891	8.72857831795893	8.11361504237413	8.66372166572921	8.27675815135868	8.65031583219581	9.48931330226866	7.8474363906162	8.54162843231583	9.14276691037881	8.77853074727404	8.0951173804608	9.17078867363815	9.10351969717047	8.47465532863705	8.70575488353465	8.3494130208365	9.4365328790913	8.77432254055918	8.92349672203073	8.55872027688681	9.16474197104248	9.0325583876819	9.12621743252926	8.76882231362146	8.68164877193479	8.61710138482712	8.08945824330276	8.07916949617951	8.77666165022813	8.57463650816594	9.0966318408239	8.52806724154065	8.48863642123782	8.22641460970354	8.1629963713889	8.37930315479193	8.29291842659181	8.86577663097101	9.10690063284967	8.75956661120684	9.17428910655022	9.37022099222635	8.85472903531076	8.75503514388225	9.0032930943018	7.96834779310162	8.40325810166654	8.76777786947322	8.79377433183484	8.27134175956757	8.3616696047622	8.27901445741485	8.47598594621656	8.36124754245283	7.97572935795874	8.24454858550896	8.26399097777301	7.88097091317981	8.80852196069629	8.26958161793905	8.21847590066533	8.51081607064858	8.35123539295116	8.02418567777083	9.19496905900166	8.71257376834518	9.0132323311635	8.401218559406	8.47393288130737	8.44873054005913	7.49175936299279	8.15036693517818	8.9182676114244	8.40276073696334	7.94006116578356	8.65676367580804	8.10431112439047	9.04016128573312	8.88056497625015	8.46811894207885	8.56107897394551	8.3403822138166	8.02865915761146	8.98686047881279	8.50629474900771	8.60829678209377	8.0961084760686	9.35287476839461	8.151562814759	9.35735602666128	8.11211291535605	9.15481757499224	8.44466194664392	8.5670049238736	8.50857160021382	8.71738992882427	9.00873363222018	8.74227345384152	8.08475627249847	8.25275928175726	8.84886541762023
"M14"	9.08737705884166	9.07829426927255	9.14214941250952	9.09737613421477	9.64999814070329	9.32118165374947	9.12317946070416	8.89732695505496	8.822731692127	9.34758600200181	9.66175285707212	9.08097144120282	8.97392227840403	9.2283356412361	9.6042169438489	8.83786957834146	9.15333735261588	8.90227115597542	8.59755055716096	8.67384480181466	8.91563752088109	8.89945342999982	8.65078827740267	8.97243648814847	8.50852232460336	8.85203719860408	8.89363975464589	9.26757931049067	8.85420350430219	9.07747080799964	9.65898063012423	8.90903959961378	8.65400679756381	8.90185891602795	9.11022535463636	8.83456401088079	9.38115523497845	8.96108492208114	9.16273310027476	9.15953015972536	9.18653492945595	9.18439513170833	8.80299626838308	9.31857437559792	9.08134125705967	8.8372436750793	9.35910087671753	9.47098620821992	9.8597311881116	8.99870374302834	8.96967982612466	8.94092397436734	8.93142732179443	9.02886564158555	8.75992622897008	9.06370678501861	9.25564551862793	8.75667853098594	9.24488498305252	9.38059089162034	9.61767522180659	8.97718095646338	9.00912514508999	8.71543309416529	9.01011664537148	8.91971697073879	9.08189125587874	9.04363074137583	9.0994272413441	8.96085666532523	9.3285638647324	9.15621546415293	9.06530271226809	9.01193572828157	8.678607835349	8.94967974520841	9.18056483052429	9.20357151982838	8.86105520143251	9.14434562921842	9.09287400399987	9.25352762096959	8.95954527377614	8.99215894703525	8.87162623521328	9.14250807125702	9.10252971740054	8.94048087506286	8.51224252722507	9.0752576928898	8.70866728795625	8.75631767015091	8.67623735540183	9.37388939273913	8.78771443107237	9.00014339541302	8.98390347414542	8.96514367091306	8.93733442721015	8.68573128693239	8.87712191074418	8.90845188489914	8.74582065334639	8.93948974928561	8.79633094068039	9.96172967143554	9.05243797772258	9.73775494281393	8.99903209749128	9.54717356998951	9.04945591108245	9.10625851846051	9.11071448284497	9.30890638486764	9.17096282572754	9.45708937979239	9.23826717976042	9.18614087160575	8.87513318209143
"M15"	9.1751278077748	9.04701750569062	9.00873412452403	9.10670981033678	9.21071522159816	9.51663965215195	9.00070084239185	9.19557967022426	8.67802244897115	9.17112102589225	9.40040358750696	8.96781764659806	9.16788680627374	9.02688957986824	9.59608786774927	9.0723835792564	8.96658425894165	8.72944186213667	8.94323212139333	9.07561328218493	8.93743297515351	8.78519135389383	8.87658458889354	9.32565644999434	8.43551281123504	8.92405339550683	9.25425290589541	9.243810895722	8.66836543091069	9.23473867081497	9.47172057362581	8.84694645026324	9.05125187295757	8.76540649669617	9.45855205119285	8.98163515806541	9.23063969567934	9.0192232748026	9.32482536998675	9.35902585938201	9.34883937129167	9.20593385764962	8.86981671903647	9.27207918459633	8.97050357085852	8.53141710355012	9.14470496929495	9.13941838325743	9.43272205025146	8.90632604318264	9.19335341920691	9.0456156109212	9.04111426722797	9.12272392501022	9.0700333264004	9.1879256737935	9.35264918910091	8.92335922389744	9.34208744260455	9.36815723241271	9.24049554139743	8.92203770941705	9.12383628652077	8.7778426110193	8.94828265662372	8.98880381006965	9.18085373102656	8.88513247450198	8.73262307334542	8.81747842297236	9.02035801708593	9.10746656846582	8.83974648461246	9.09529181498842	9.10849404797426	9.05005733536255	9.40959866322339	9.09418388705422	8.71247244810908	9.10277314554601	8.90333844677728	9.03379364291719	9.2304780771229	8.9954926689709	9.14827361447348	8.88339152012506	8.97019659282294	9.29537406168675	8.25917367685498	8.82604159457089	9.05537307637696	8.87235280993119	8.65415672497242	9.06142916371414	8.66379324775306	9.16257661312327	9.19460996114874	8.84479063164094	9.09406293433622	8.78389396448857	8.62915997090283	9.11075191618979	8.79611484853604	8.79872902327621	8.61260235690228	9.41854034407515	8.64505514452313	9.36783281480112	8.69455129772237	9.26979886835985	8.87516966896413	9.01434670105321	8.90806614423704	8.97063741681914	9.13660314578299	9.06095025558565	9.08470218856689	9.04168765753903	9.04675405517275
"M16"	9.30951600178094	9.39489222544845	9.54303358011104	9.51479395419843	9.94066358418063	9.72831188673667	9.88116864679864	9.97192488019286	9.51619667282905	9.73447900830686	9.41955104913213	9.54492851847832	9.83298919243029	9.81033381554196	9.25826900286572	9.97335179652691	9.34545614277823	9.37818148554966	9.93178540889179	9.4044256124091	9.58324475616433	9.9173645082643	9.42564550621742	9.82015538308964	9.47544598897321	9.77487256154823	9.81177666789925	9.84626150190767	9.34692733352864	9.86392846946723	9.888980456239	9.65900108825127	9.88897185250359	9.56370449392763	9.7255621882561	9.7052273885652	9.55430061813137	9.63801025123877	9.91205967421626	9.72325769845922	9.7108656623387	9.97992527713942	9.97105231991465	9.42760541636604	9.29572652857152	9.6477277954556	9.63847259298768	9.7090240331066	9.92294878172219	9.54493991094533	9.23402402070491	9.45429941749118	9.2820791960932	9.47728103516998	9.41132237520084	9.59998744395651	9.79942146356189	9.82632213140042	9.92350911829188	9.69395818651698	9.84027648258629	9.81534565414292	9.85180224974859	9.36118411852918	9.59507934292163	9.69745943649193	9.45561233986499	9.40907244687553	9.32522837157347	9.29715276127722	9.37009523780887	9.59333745937143	9.17857815620412	9.31092077573299	9.69076496344129	9.21339987743609	9.25118065216482	9.4158016532799	9.42727902303	9.78128818123527	9.3608435372967	9.36101210158923	9.99975804964227	9.44995951017656	9.84522077729867	9.58109207281665	9.64251058070985	9.64520231162076	9.33262988738612	9.75768078794216	9.57267490297111	9.85296028171876	9.36342856813901	9.27340050123617	9.47937355849838	9.77906941971682	9.80900941873126	9.38640159397731	9.45023304245994	9.40526580917365	9.52215909493749	9.66342371238936	9.60812043320309	9.44082465656378	9.49687266797259	9.86789215149748	9.45553976907186	10.2247876923701	9.4707192228363	9.94258242924432	9.43768691209471	9.96062138005083	9.48734333587885	9.86248008409519	9.92761192393055	9.6124457830507	9.29310257914657	8.77660353445204	9.65600227109517
"M17"	8.21331449049134	8.22385566943145	8.27070489083987	8.06230762938003	8.32795064448246	8.06746045002923	8.21044927915274	8.23657610664124	8.14568025785879	8.09921881326401	8.52814850197188	8.25865711536974	8.07287834744237	8.35647795069729	8.22581508697569	8.50225578236563	8.11913139489708	8.30116732509919	8.27822934356435	8.15623697713717	8.05615240790569	8.28284706859265	8.25401716911636	8.07960215230779	8.11394949590951	8.22740571827771	8.19767178444133	8.04656245542235	8.13346538791765	8.25862271360156	8.0776996112493	8.12699909387738	8.25205236557722	8.19230412648684	8.13480464116391	8.04191057765534	8.3267957538071	8.33961960216039	8.22846142052526	8.10049217271965	8.23470096893479	8.21129865552865	8.10646501867148	8.25357364942644	8.13150857601727	8.1566898785866	8.05524766653562	8.1581370502151	8.15558325243074	8.28142946827819	8.2598022603989	8.21494900410458	8.24448752301188	8.29538207935924	8.33229764735064	8.05264752317629	8.12963437074442	8.1500013461177	8.07876981041315	8.21596328708013	8.35728287982152	8.16831187576632	8.21628788142521	8.12477780780265	8.14123793122002	8.1640907349514	8.14192511966212	8.14074096015542	8.09106360983276	8.05595324594601	8.12491093949555	8.08860525179652	8.20230103414282	8.17109504413187	8.04682821168608	8.20745674418033	8.16656555503397	8.18663348820311	8.05278732074697	8.04636940933553	8.2653496778158	8.30127855598504	8.24622362351942	8.06580325876177	8.17854072258706	8.04222975051838	8.08858245393283	8.23291816199628	8.38151820898111	8.27331702420035	8.07230120057502	8.20544048595379	8.27588413555008	8.22082804497616	8.18315162009204	8.21303467223366	8.31358224113053	7.96260546398437	8.23367310732904	8.11129843263324	8.35915800629658	8.20283943159369	8.16251142610509	8.12951502094451	8.08469625549326	8.08255412412975	8.25721823664614	8.3729665711695	8.12868660041832	8.23662128423964	8.02806428381069	8.17995625173416	8.15604444986791	8.12480323135223	8.30543786877374	7.99334602071474	8.06747533634442	8.00485132621827	8.14559865970248
"M18"	10.0747197957533	10.118152224401	10.4269074803415	10.2355020893849	10.2692876730956	10.2627474034309	9.66900777785361	9.51506374285961	9.60745692788374	10.2070069910317	10.4297369846884	10.0926984410003	9.9571542804413	9.95415654237701	10.7087514456436	9.73267172136831	10.5691521306506	10.4115409738443	9.5810001435343	9.64508623410107	10.0011927458229	9.94130424985657	10.0027672025118	10.0996240678701	9.80463898687603	9.75881660685172	10.0477383542962	10.2311699212127	10.0748655708108	9.94963014915765	10.401003346376	9.87141365211967	9.75533339528356	9.79680351184745	10.4138387155212	10.0114977061075	10.0472414882334	9.83828438049541	9.92600514668995	10.07767906391	10.3805091358035	10.0258499293483	9.65948968054629	10.3106180611213	10.3776437676497	9.49039282664899	10.2820593766353	10.216638616788	10.4039462260701	10.1650375394047	10.47840782442	9.94403886659184	10.2629275501198	10.0827781256272	9.80139324191716	10.1417526049811	10.0475824995011	9.57874676480557	10.0033568893259	10.2856156079584	10.1558003667677	9.69933197268871	9.96319116570161	10.0205332887342	10.2190052165354	9.95695190204396	10.3112814508028	10.4065583205577	10.2315692047419	10.33379824528	10.3445245350741	10.2417625694892	10.284593891875	9.99286222331941	9.2017787491385	10.1626588554921	10.3168965754856	10.4431070015515	9.95004811098814	9.81984223633288	10.3294350471103	10.2541251281694	9.79772231078998	10.1613151645629	9.82461017573282	10.1496546517211	10.2541921205795	9.63272505072808	9.68905382150411	10.2028714824023	10.034435935719	9.94392057427204	9.93230260046367	10.6326140138751	9.9673700041362	9.99981792209104	10.0651267809737	10.2390263276277	10.1335178645851	10.1611193026515	10.0324192561293	10.0987286488223	10.0213888075235	10.1517784272132	9.86747611365072	10.5060934971551	9.86490418234759	10.2084743340081	9.87161474228926	10.1881967003493	10.0932351274044	9.69215915399291	10.293435955644	9.89930679146108	9.79132378577629	10.2820749478734	10.1538257146503	11.1330217844851	9.95128112479837
"M19"	5.37404326837969	5.29918484072138	5.11887368855593	7.8782737961819	6.50766286692989	5.40083727543081	4.93416128944828	5.50558758801222	5.75111482789451	5.28328758990158	7.15610002542993	5.81519564172024	6.28333987941063	5.44802891807093	5.61774035067569	6.4900750540824	5.0324179263611	7.08145578210546	5.12392407095022	5.52875196829278	6.25443786430791	6.34251627362481	5.11805097121684	5.82954278784963	6.7960246362642	5.87611382327454	5.72661052763874	5.68748210866275	6.39379334304147	5.13844021314337	5.36825646132902	6.23001381342728	5.15245095253333	7.75703776175528	5.15636960322381	5.92402239646841	5.39281868460731	5.13388156826807	5.15233861429864	5.41803035858404	5.67981534529321	7.30499763493534	4.89342805753304	5.62210019815357	5.22663909624896	5.17322772144216	5.32072815260162	5.45746652840263	5.22888009307062	5.91085867253462	5.2275385109453	5.60127636913523	5.2594993507551	5.39435559658654	5.6951465788219	5.65715961358645	5.6234524247689	5.11962326988333	5.92618005013284	5.49477070869601	6.54219943766056	5.107715593409	7.09985503357682	6.44389688100567	5.12837561130866	6.36392804261259	5.65738260758717	5.85045102165408	5.69629016704458	5.8194109216721	6.07093041921297	5.9550849350665	6.06284527872501	6.88026592466619	5.27920326300363	6.00054988082163	7.3950061714164	6.02529447466759	6.91213411497577	6.84452652161233	4.79611936547819	6.14979004504589	5.67901955557898	5.20296600006347	5.72520878851745	5.5430474924986	6.74178743330413	5.04414552049872	6.3130432536898	5.79556685537709	5.64531169945299	5.62517736138323	5.54657236025608	6.28350854509798	5.90382478015576	6.63264806322791	7.11485543368218	5.74048742179274	7.07349912335313	5.68701511890257	6.5769091216157	6.98398659903073	7.28869500303693	5.65631771341253	5.40565438736577	5.4617529178871	5.36658203476283	5.55225803634702	5.25492107698755	5.69896078709292	5.28374226284776	5.63673476165599	5.25391838978312	5.2443579473883	5.63576692405514	5.45581522189657	5.28267987236701	6.27499366628479	5.51965658646957
"M2"	6.7302457630383	6.67899379341359	6.90743976594007	7.08794320652613	7.07991583247103	7.04522122093574	6.86031874381136	6.95657148630233	6.90271926182308	6.80132391586563	6.71652592934972	6.94231262961909	7.02790231064156	6.75985180146226	6.64432177880518	6.79547285206008	7.0781968139137	6.63577184229944	6.94450300994633	6.66821198762856	7.02670182433455	6.90898865739095	7.14619324628043	7.11909522980473	6.89610776273125	6.87686821326833	6.97753492136641	6.70452056928147	6.84981664917117	6.98459044513924	6.94666887974657	6.80807082585335	6.8994258997678	6.99636920268862	7.1378942514756	7.08400844339024	7.00409156644122	6.83002341243114	6.9040405025347	7.07252181325524	6.92680518382025	6.88500128173004	6.76538448036136	6.6361803331833	6.68670245256704	6.97835749431299	6.90418678563711	6.92675145260899	6.74845836185884	7.02880886641953	6.89205206748624	6.81143507272973	6.70318873618105	6.72774998428218	6.86108930284106	7.01251822401376	7.07246528160625	7.03058975257044	7.00884523281965	7.18620157328638	6.72800317739265	6.99389571407244	6.99187970967701	6.89645005437728	6.71417790581858	7.1100420765549	6.88979903258845	7.1290375426124	7.03289934535113	6.75525853893645	6.87550250922135	6.85341337161125	6.70728016081309	6.82090431382692	6.78078455516468	6.62579923274378	6.98581522263925	6.6160346442196	7.03399360490987	6.77305583369739	6.97810028039281	6.63513060019386	6.96590575196192	6.96396591091472	6.93357813782579	6.93534290388308	6.87036096042542	6.70499981208324	7.00747952697385	6.77946070956374	7.09940878859575	6.95769332249645	6.92408271859316	6.92579598273807	6.82747040291889	7.0936695351901	6.83575834127543	7.04625338854419	7.01644522968258	7.11420756188249	7.02563039498414	7.11787801682213	6.92754893209944	7.04541966975951	6.9953601328819	6.79639595462263	7.0154023648003	6.73993233095123	6.97030552047775	6.77244544978222	7.0543654817334	6.82514880409552	6.90909452160699	6.81546437909803	6.90023765344563	6.90479803107968	6.66152266089247	6.77161241977403	7.09039307573357
"M20"	5.19260914474463	5.01515306360957	5.05395684760224	6.44583434793946	6.50774048835063	5.21379062249746	5.05470257388785	5.30297517127872	6.70580013652149	5.0390406479512	6.52863631489243	5.06585131031649	5.35244356871618	5.39883107536494	5.38366466697031	5.54559027827101	4.92444554030735	5.48419374369044	5.18144221551062	5.24656649888397	5.38970661394504	5.47060241504557	5.26463612783211	5.20127086298572	5.36454638762938	5.65223330896805	5.38050331951735	5.92985111262211	5.00028970208224	5.25410956348108	6.01469602288299	5.71007518659475	5.30601326296993	5.995428967616	5.49931790715797	5.42050232605797	5.31756072184839	5.84468967904824	5.18392454060098	6.84063845502887	5.37898739414467	5.73937321587604	4.99395178309407	5.2796680471625	4.94762268229945	5.21537161544298	5.08005112833032	5.41867210356887	5.24709294889025	8.11638686976091	5.21533906640315	5.58590710985416	5.06121762250025	5.21904988938419	5.34140764898115	5.22858838521528	5.32922774644926	5.11364414463982	5.415219209966	5.30677746254834	5.20550297465696	5.38864332356739	5.32000801599569	5.28252507580202	4.93050964548238	5.566632226016	5.54665565500143	9.1488167402413	5.38991554175667	5.15257345290385	4.89369363700549	5.50104685399624	5.06079816126519	5.65484046109783	5.21916160249742	5.71085474054903	6.75509742677918	5.96352228909814	6.25567150830557	6.04384329977716	4.93553441544724	4.87665980698131	5.43878269012756	5.11795844049187	5.57216725729509	4.98230445330275	5.33811830165473	5.17532133308786	5.53285623526835	4.83163796121177	5.40358108354531	5.34495103432507	5.96018200711124	5.08553171540626	5.36443913867902	5.17181275864932	6.97474748543374	5.20257976954983	5.91123765787649	5.21039878591365	6.27198858682838	5.5775888198365	5.20507714414742	5.33849097877505	5.04993527693159	5.10798246811538	5.18633635141224	5.49275353135493	5.08648090860349	5.53880007138062	5.16062050935065	5.3264026380154	5.04333469142849	5.16651916662814	5.32669432217934	5.13746961810368	5.10013641932022	5.98878048671858	5.34975614578656
"M21"	10.3759929572731	9.72256306379055	8.83515084260221	9.00797116970292	8.55660458722433	9.34821331952742	9.0112751557669	9.45780502866824	9.59734440616236	9.66202324851437	8.96216852710577	9.16637893683459	8.84719110931943	8.8714146003511	10.264982069937	9.19729308781944	9.16477902467122	9.38291824275279	9.26233047457153	9.35105459636818	8.74470799042297	8.8673212327575	9.01826679352659	9.08951920848268	9.18065986247231	8.95155751825165	8.97063941787852	9.72427753148397	9.51685266612145	9.31318063387405	9.41252646419882	9.10992466281047	9.26919356783553	9.18820285392911	9.16304902514579	8.82331993414561	9.10652726543747	8.97547585392856	9.33270601258058	9.1182289658758	8.89039227898673	9.49534602072509	9.0853235567327	8.98348205495854	9.063633020957	9.55805563983338	9.52945355354755	9.21881600687347	10.0112513211357	9.36336977140006	10.1005028888757	9.81777871671514	10.0839490811879	10.2390012836124	9.8020293939041	8.72144175810778	9.03671400162306	8.96680436586809	9.05082880257618	8.99965745537684	8.94321581204439	9.00009905849027	9.19198675543212	9.96962681525752	9.46816694113714	8.57515997236958	8.9834284037903	9.18823807542003	9.01189529329443	9.0555749326017	9.27751747388592	8.97699644130503	9.13366305884336	9.33307679008916	9.40920709045564	10.0479814886165	9.41293668718162	9.88984704622848	9.43786065290218	9.41918928475723	9.49296256344808	9.43897641596397	9.15971427761956	8.96685687653111	9.06004241684082	9.40734840396632	9.6175957443911	9.28610175173315	8.58442120796913	8.874548967453	8.8547896302427	8.92446741140004	9.30491397215023	9.06897258713296	9.48912631456998	9.19598201631486	9.11176956979391	8.32354043358458	8.72698624370621	8.36751326323792	9.04284468350035	8.88866997784681	9.13321881413754	8.61823426739802	9.65376070415783	9.75061257424773	8.39677123367637	9.19676331363459	8.75594937105018	9.03469482359879	9.40887423897123	9.84730330043767	9.01058998240701	9.77424681946481	9.55137070687196	9.38417348447967	9.79823580743863	9.29071135511791	8.90182852432398
"M22"	9.84792857756618	9.72518884471151	9.54555683426381	9.46781664853147	9.14265146551958	9.78750263315644	9.51174476276668	9.53935696872065	9.38510019325811	9.65808912384919	10.3174076325336	9.68147057668784	9.68971420219872	9.46813754543467	10.3008189407209	9.70271314336413	9.42848713011066	9.53204152686328	9.30849502414453	10.4311145653861	9.40834053682022	9.39038002887533	9.41777140654544	9.36654136722575	8.92310596643162	9.60932918637488	9.69816681829791	9.59273410682504	9.29315926602439	9.64706087693976	9.69424552125562	9.52571743584691	9.48690890253879	9.20252844869623	9.75946524485576	9.42086638530845	9.72194628951354	9.41814603404432	9.66115682154432	9.58209884924608	9.68479815418948	9.43705025788521	9.56974908549886	9.96561150275113	9.73114061973533	9.07218235696084	9.48554680572532	9.42603043316401	9.53988287798284	9.40572134608211	9.86227941166096	9.81792045413217	9.98903856479819	9.86918399887154	9.83002611548331	9.48772854644736	9.44099650980611	9.23240707010489	9.67023120766445	9.4641122570481	9.49998459808324	9.25689107976083	9.53682389477818	9.88270601670389	9.5758589432507	9.3338797402915	9.74428661859557	9.31123606824624	9.17916540772532	9.53724913512819	9.593408287705	9.72821416145206	9.94192597650481	9.99604378047438	9.98914294626983	10.2489763398407	10.3082578307933	9.93911700814326	9.13144793714104	9.33188764126796	9.40725543983291	10.0080460929349	9.57539474906707	9.66553429394511	9.60757698005389	9.38146844405435	9.41078753527005	10.3559129674824	9.15598245140734	9.38303600178493	9.58531618199066	9.65547665308781	9.18510936872422	9.3840312262678	9.20699072381543	9.51400204570004	9.8233081466192	9.43940523564031	9.53011774589195	9.4187122836791	9.13387911680462	9.58376894306924	9.53508973371225	9.34076345762421	9.09681533667946	9.74453215626865	9.10763879364531	9.53762416691758	9.13756290300324	9.54206374476624	9.35970141150312	9.41115640629594	9.45424738538903	9.26895545577483	9.50420910206061	9.36740884857274	9.81032597183124	9.73070354813568	9.61181483330789
"M23"	9.53428115465459	9.13367884853239	9.13490927036671	9.35920942662901	9.12196294508123	9.29488106940888	8.97743964643177	9.47860217405458	9.18654397528666	9.24236229937242	9.20711236177152	9.0169251381858	9.24768045544581	9.30331935853627	9.26755603608037	9.40710909630458	9.23582142518284	9.36661455235698	9.27466516963155	9.47928021292792	9.21916773507682	9.17891088161394	9.37024053823651	9.45525039621302	9.02466605066193	9.11769455996412	9.20272946653746	9.28051348367593	9.09057895543501	9.35616251480151	9.33870322783332	9.19905472185588	9.52218650620113	9.12489512913856	9.26240239364455	9.085548382257	9.58771078059142	9.2439138087356	9.35111304404168	9.23864868469381	9.04535294104993	9.21951659620014	9.20472784446144	9.06548136225914	8.94134483160386	9.15108534819005	9.18372106164541	9.01915284152169	9.39464598450073	9.2507029808358	9.36255539993082	9.34929669038514	9.4410070901606	9.48846003326456	9.32797777931202	9.06260545479753	9.14545596017669	9.10366004477705	9.37975527417382	9.31997614183498	9.33957841955188	9.1824941171655	9.35041103456918	9.3698110060437	9.07936436496335	8.97938129516634	9.25553630023892	8.96202541026735	8.91867843462872	9.22838715897923	9.12874676174082	9.13242617147932	9.10712358082123	9.26913105533735	9.38097734938532	9.21912948466145	9.42845461340857	9.3287155072063	8.98854034215584	9.32310989845869	9.12100688001109	9.07155347132496	9.31614192134459	9.14290855175339	9.17884782279851	9.14442198872949	9.15740062440458	9.46207180003393	9.00079693528462	9.18326628987373	9.28385232054594	9.08861893174477	8.95808661259062	9.12169370751095	8.98540586096491	9.23604881656982	9.33056800991004	8.95515536943634	9.05738292697256	9.05921770269905	9.23375709325052	9.20565510684391	9.12896993989061	9.27297705388639	9.16449815616589	9.32658074603368	9.06091632620189	9.46306400838852	9.11354214146081	9.32500363112177	9.12289235947747	9.22547342780996	9.09083785526085	9.12023253257194	9.41407585929375	9.08033638156139	9.15534607260547	9.19791745327369	9.10476335658176
"M24"	6.17224398536175	5.99940425795244	6.26465098425524	6.24695715964111	6.32201892177815	6.19461585334137	6.2357129692194	6.32293768566021	6.46824431707689	6.2691731147111	5.61335656776309	6.38234914676278	6.26614993683557	6.09911619362174	5.48390210430501	6.03369686959359	6.44468529118049	5.45059005869826	6.29950782504394	5.78865046358133	6.47155223844035	6.26231548364151	6.29851011663917	6.07705732297674	6.30112294936632	6.09393034484661	6.36858956849385	5.91474951559239	6.46289610177923	5.99011243141112	6.09168081486019	6.14890988291464	6.09051427776335	6.19025427721379	6.31247102323073	6.47725386314109	6.34937634147613	6.21831822446608	6.2349519801066	6.25671356773407	5.99078972358588	5.85712561059085	5.86306865629543	5.90968528264647	6.05109540546317	6.47827682009412	6.30039980543281	6.05818967516386	5.8688044223819	6.34857500788507	6.23777282597777	5.99843886385209	5.98675237139132	6.01537872121918	6.09826576575853	6.34187169524082	6.36430499279903	6.5414825925783	6.18777928163895	6.74423697640683	5.8643084595581	6.37924937826296	6.37518280996471	6.18738658021469	5.86121711269408	6.50774732849901	6.2134282308732	6.4484243870642	6.56287782431964	5.63701235048666	6.13874923543075	5.92404766284899	5.94057056136362	5.98002129344332	6.04963154271686	5.76365038849784	5.70908961982006	5.47806049136917	6.59014221988309	5.99361034782214	6.48521522483573	5.81000050825141	6.16904579297996	6.16144991830597	6.30649098427178	6.28515959443805	6.24359093122291	5.85413152200787	6.29567528998105	5.94507037043187	6.42654886623574	6.36737214526989	6.53319336223208	6.29578741694645	6.34285593378791	6.43221035796219	5.87400907853315	6.38950973412469	5.99519288795348	6.62425208551583	6.39050273424684	6.48823684750799	6.03356024662837	6.55295531957163	6.49757946143393	5.82386849777902	6.49626220440635	5.81117267233859	6.49101894102759	5.87537318616989	6.49150285017811	6.12939102189036	6.24785169105944	6.19400960379129	6.14113655517531	6.26013420205043	5.98528379338563	5.61090807897881	6.38379540468142
"M25"	10.0684396197063	9.4762870838606	9.56754207107386	9.64717527703453	9.29720336917692	9.97335452460199	9.56705127554109	9.99869184954344	9.36165803320347	9.75398014202425	9.71044028788977	9.53372015455437	9.91003996462654	9.73721122381871	9.90169503661808	9.87970853186524	9.38553217314031	9.1728122444133	9.78745982336789	10.1780960286673	9.7289455166221	9.46584983560469	9.83652930146453	9.92833538258375	8.75845975882313	9.86388656368227	10.0644450344608	9.74814607983478	9.12242433271488	10.0721308661461	9.90216867996492	9.62788074303744	9.84049092951175	9.25604755498258	10.0898131600677	9.86486371481069	10.0331172617311	9.86574730401309	9.93665648188562	9.86561330930954	10.126609573206	9.78711330033536	9.76879004050961	9.87732827484719	9.25871776617021	9.14390796873647	9.49688670075324	9.29476710243826	9.64195333958655	9.35724735968114	9.80350190915257	9.59040794413124	9.73491179224566	9.77645883063396	9.76206745343974	9.69034155425026	9.64836758053411	9.52151592617271	9.83473454035309	9.73465853971425	9.67770765417416	9.70117125645426	9.7269940575856	9.77899831797647	9.53690951419357	9.55940404130971	9.94594213064136	8.97414941689765	9.03654850699989	9.47601537361825	9.38992135534571	9.566970245851	9.50263233924674	9.917734190161	9.91572890335152	9.73849918635489	10.1244134288471	9.59677238310035	9.20457861212985	9.61503274027546	9.20043534441995	9.65964520064514	9.8865937439098	9.87716921275366	9.8564327929301	9.21338110954815	9.45295841029065	10.1505989290769	8.68885244572602	8.87934002496833	9.85089469705486	9.72920645609683	8.84312119836558	9.08745723307186	9.18192822108384	9.82732502900665	9.9253249855087	9.32886868130323	9.92324005221641	9.54326519923753	9.03390044667226	9.94802062949367	9.76408801580279	9.5256635163133	9.21832628282655	9.75103166340769	8.89276089975682	9.82039098333217	8.89673673919414	9.75236570464324	9.36838126881486	9.53707095420829	9.1673625217902	9.32927970972919	9.83280760589492	9.42705185627792	9.71772160901156	9.36933588213725	9.7774783408694
"M26"	5.5362644708983	5.56518735456796	5.33131525455097	7.76545838626022	7.25584954046244	5.97544765167653	5.33269685087532	6.17652117270537	5.79011477061685	5.35989481574675	7.64983030247014	5.73616480396352	5.89387914466406	5.59654216495324	5.73577183137485	6.04659947957362	5.56775170175559	6.23580369364787	5.55084544810039	5.57558762214473	5.91459800274002	6.34652391843758	5.41772444436294	5.94968015783746	6.1294584549348	5.98323864552321	5.7178517974783	5.91779395484982	5.78735429750736	5.75186652903129	5.96249272716763	5.70955968867258	5.62241699783042	6.83328392558607	5.71491025352311	5.75826289524906	5.58480925794717	5.43776989681283	5.63180916392878	6.16622913522854	5.74320249098219	6.82819170355555	5.41277686299064	5.7804414577102	5.49859162597282	5.52782022970921	5.72754678755407	5.80412753227897	5.89185360601773	6.18949646030314	5.48326512938278	6.00935432534563	5.67089945637107	5.7145360480691	5.97349706039388	5.70801951841385	5.9324106167614	5.35003935964005	5.88102164667827	5.81742350159696	6.11401002481165	5.50159584530067	6.43018928237833	5.81618461957904	5.30385962035322	6.18114557304346	5.70280405080696	6.32827493534365	5.58141285881223	5.68610468537411	5.6823627702187	6.3741076324984	5.631074007747	5.99068853910676	5.66835094172157	5.89856632465499	6.90178861490818	6.4431008194438	6.42695574882652	6.3727291364691	5.47435489841218	5.63803011564585	5.9303833185672	5.4410868926048	5.74739519249672	5.81042204054002	6.21946929608309	5.38069305853064	7.74298027612639	5.6609249370413	5.9640355247143	5.64360630756551	5.60132232547308	5.80362102542616	6.15881688313959	6.27225886771707	6.41292232669297	5.48718872075399	6.21200577888357	5.59466456782594	7.51624734254582	6.14268621696442	5.95243461136465	5.84406266387866	5.38024623999359	5.80203942200405	5.71286523206219	5.81223317640239	5.60124116976714	5.93795548938959	5.53582353067715	5.94776925875935	5.47385472591459	5.5923964700924	5.9439566958689	5.9158856671873	5.67383504147613	5.94737904996728	5.76938248259804
"M27"	4.96748850275953	4.77022969751811	5.11719491522647	5.23097594404677	5.34857179929925	5.02906079245641	4.75106390596555	4.74798598360949	4.92763482196509	4.72107720745301	4.32077348522921	5.19239073629344	4.61330693095225	4.93350663383029	4.68190034632344	4.60254114560712	5.16215178880261	4.81242970851992	5.02642074958392	4.58381964717881	4.77841552118317	4.29276991051538	4.11473414610412	5.26845828439116	4.99906719388079	5.06835881355608	4.79671958690033	5.8211014836993	5.52427211309158	5.2355656238939	4.71150244625873	5.61946745171903	5.29964479971846	5.93890183298974	4.86328805889671	4.9639847290646	5.57878094010441	5.83784644069409	5.10323206508496	5.27792093953818	5.35628874187639	5.54912280849636	5.70182781546445	5.25941872322373	5.35548542696813	4.59990940189146	5.58561992695326	5.03870005311086	5.70741515129297	6.30523599826758	4.55463938951766	4.19626287547096	4.70271922279758	4.47242139447072	4.45707891231777	5.00698714552009	5.12059453365929	4.89104025729425	4.80435471728877	5.2626921937713	4.91275260111615	5.10035801861295	5.44682370299578	4.73330275195572	5.48219884732197	4.84393650106236	5.20727411783144	4.95215172984238	5.12817231182147	5.37796189737098	5.82461349857814	4.99865220761439	4.42345755293495	4.59684106006571	4.18268719818844	4.15512835451032	4.53579395009828	4.81375741682125	4.52751445683516	4.57392531900854	4.89778420846713	4.36053983492466	4.85828164569364	5.17007885691793	5.01399881038248	4.92216288302895	5.52206035764089	4.4270150776689	4.08158795662976	5.2703772796174	4.88984502249792	4.44943870115258	5.56145715707158	5.55948888773611	5.88862404561757	4.86196017214609	4.97358173673113	4.94674712692012	5.99410904644113	4.72243728756484	4.90577963405627	4.79853801112259	5.16379726570614	4.76286650129286	5.16923191803615	6.15127049477649	6.41299704072964	7.25329249901381	5.68451664068377	7.74287703019654	5.14968577029098	4.76209131064029	7.14190008649053	7.42106638075833	4.50651925688697	5.74953823942909	4.38132470981694	4.36518971363912	5.02777675469353
"M28"	4.66410738007342	4.77616787643776	5.31017502449496	7.11752482807517	6.64346271132963	5.6388757754576	5.2365171268174	5.17174206559795	5.08315643401681	5.13044972886345	4.69393930510021	5.22321502793534	5.45413407385475	5.35097834473543	4.64542233109785	4.95490961258524	5.78137152654043	5.08482108529289	5.15236099356415	4.07877667614249	4.82093923137304	4.59062440583199	3.80582513537096	5.99136611717597	5.2634143119335	5.30866090337306	4.80208587312919	6.26038086785111	5.87396115282111	5.20811875825508	5.64822330935216	5.59041135729302	5.38903199212365	6.16794332113665	4.99544448788123	5.06819872299234	4.8303158864654	5.63241255870599	5.15058523705079	8.17990905649449	5.26559863193732	7.71628591038988	6.17685413761635	4.84133845505129	4.94362134791367	5.16491543910404	6.35839553495281	6.32297434499856	6.87635891552461	6.45347691308858	4.49470458973751	4.21485607002694	4.54722343926304	4.47997226298854	4.49084003194624	6.20492594761582	5.92895942492722	5.15450176574164	6.37557617604985	5.99819627903409	5.78751601174771	5.32454604355038	5.49582707091436	5.01221567611836	5.65966144691833	6.2306272747525	5.1889311667934	5.95146637913372	6.07130825799878	5.57046882668184	6.0589264506411	5.51544001544754	4.37150658583191	4.4454742714206	3.97931153272319	4.29455256978126	4.40793381474448	5.60819860234084	4.96798125106927	5.51832229403714	5.70276945949585	4.69653878286163	5.26232759516054	5.47136346324491	4.92283604638028	6.09297751663818	6.16992707758291	4.25764094601331	4.03188781981898	6.53976363854347	6.28223570891167	4.54420356037236	6.08467081026183	6.14822956777087	6.14574223269447	5.0019575872989	5.10879457248659	5.60752622659836	5.36361148847021	5.07902932955091	5.40677303595384	4.84715801087384	5.51525449740542	5.12899453126446	5.73629646846032	7.22429784434499	6.56105233176223	7.88278405112738	6.23172345367528	7.35103498340814	5.82932595060186	6.64643403124237	7.29650747326352	6.71754838226664	5.04499216135959	6.53335351121777	4.42096240375913	4.27847826760901	5.11134571631677
"M29"	7.96060266334248	7.81046940848861	7.97621056914896	7.9501696507096	7.76105720013418	7.84091517715239	7.91137216968434	7.76383885741607	7.8788585255764	7.90999702800917	7.49010081826381	7.90346371538632	7.86059606392135	7.84462361023771	7.85544973192209	7.8339948759891	8.15320255523838	7.71839270786493	8.10194415842776	8.01073378856969	8.07813737066686	7.92848100203446	8.05470341711434	7.76004589292334	8.0077970154727	7.88611702275701	7.96595632154054	7.66742770330888	7.9432067272564	7.98497293391269	7.68160216702094	7.90769465017309	7.95154768252102	8.14253755104326	7.89151805189105	8.2491557980389	7.43653405634235	7.94904599407446	7.81625885607979	7.80951034380428	7.77021465020112	7.7755194400022	8.02297870910362	7.99455309662325	7.94951204804192	8.07834991203046	7.88270270782009	7.72046497890797	7.72557904692835	7.89905857754962	8.03586789951046	7.73030685743294	7.91721398515016	7.93469690905012	7.75979092951241	8.01633740110078	7.92048302849275	8.10698381164887	7.90699419117757	7.76791140478786	7.61332215418352	7.95697531842249	7.80574040677982	8.00787113967252	8.07792717016266	8.1364670783515	7.89436529546243	8.07778253971129	8.04186700524781	7.81820051334205	7.86907057481915	8.1377269643844	7.85619952058618	7.88787161666451	7.8211587703453	8.09819366280121	7.82380689032686	7.53019583367156	8.19278366244917	7.7299905372665	8.23680861330573	7.63053713245294	7.93084827734763	7.97061433531105	8.01091755008875	7.95247422342138	7.79180570129673	8.09783931450612	7.89312222893377	7.91304200822783	8.07625399784934	7.94499168049416	8.00570804672198	7.99934972255148	8.03980113874752	8.02824607906436	7.59332204806373	7.98328825938643	7.87687173783014	8.01998835050646	8.1196339069575	7.97080383095724	7.94762113201931	7.97661949370844	8.05655834972833	7.58817702506252	7.95725224955752	7.83118524315265	7.92133019170553	7.49756115931373	7.94932848219737	7.83934488270253	8.04415743713671	7.82797527350687	7.84004047263473	7.95000934785782	7.75625214285915	7.79941588779519	8.05178690819032
"M3"	7.38394636382542	7.38240541287598	7.31936614677296	7.33782775758046	7.17932348970712	7.23901649761616	7.3571374769481	7.27798352314595	7.39898417192027	7.28740579905599	7.38034885720224	7.37588547971711	7.28278211513526	7.18177073556717	7.35967215704249	7.31274682169879	7.33825557583297	7.30619669005095	7.31558892150915	7.33279338000921	7.36329372955663	7.27935826059178	7.43556772688119	7.25996437062522	7.38772737016392	7.3350316513914	7.36335713599171	7.17585036013055	7.34570931891902	7.41146418683386	7.17187013709759	7.37344207200563	7.30046180358446	7.50281044648418	7.28985755123218	7.32548506989661	7.43221463727561	7.36310761707221	7.37924370003417	7.25470832658593	7.36916855393693	7.33367741134712	7.33028047192601	7.41007871488311	7.42890760819822	7.3857267587841	7.29074940333869	7.27903409927932	7.17112422240717	7.3860285571498	7.41086344145058	7.45071648591392	7.4064348870743	7.41813747520484	7.36708775518233	7.2532446560515	7.36180871590623	7.30867726495168	7.22760572138503	7.28908345660825	7.10229381405177	7.35144667510993	7.38859733956495	7.44845466076162	7.30348835135148	7.36342825788305	7.38748452770611	7.39230751768577	7.31160479697695	7.36115611405583	7.27983208380381	7.29452652321343	7.45877762745551	7.48686516616145	7.41039080417006	7.40350587972259	7.41740271352477	7.34706459458691	7.39672027168149	7.13145496651101	7.35302097691529	7.3321625053157	7.34446340738094	7.34310716965784	7.32857713935901	7.27476298470232	7.27198091647505	7.41770336825684	7.38893967032688	7.19702158111861	7.32782081590201	7.41990729989343	7.3433261977923	7.37902399097877	7.32901882431339	7.324210005522	7.33302589869552	7.28918169793534	7.45187278084721	7.38730397549005	7.44217871336896	7.33678139033595	7.38182159553241	7.35074835337502	7.29919489327343	7.06494181524682	7.29683841909302	7.19630744904972	7.31062545153394	7.17148634138579	7.2862353142441	7.26722590293172	7.34220508408168	7.30987488657997	7.357399089062	7.27720941207797	7.40750103817484	7.37779646414134	7.32087274115935
"M30"	5.99493639753516	6.22311086593619	5.60091786209227	7.3180529835259	7.07896286146287	5.96187837998414	5.62014274010287	7.15151477213975	6.24541009433375	5.94532173634876	7.84126184815898	6.56957508808033	6.03403246116249	6.38567544549563	6.47569541700669	6.92875834003708	6.25616120676277	6.74507759356675	6.33593415393644	6.42940685246062	6.24564901667515	6.77075609386183	5.89093173538249	6.85528118883857	6.37220828845904	6.52861920357197	6.26749627372389	6.74676948610596	6.17655763408292	6.69246163485642	6.9318629928749	6.30187348622938	6.62780963269505	7.24807545136882	6.69447488680701	6.03667696429359	6.55289685683669	6.50424860358946	6.37133702588065	7.13475738295451	6.29458353748447	7.45262513343502	6.08128280425739	6.56947213913141	6.16877435657728	6.23859410523148	6.47745641621067	6.66244649988507	6.75469759070092	6.70095502153834	6.25207166775024	7.36367989811326	6.7902015116299	6.56114680248145	7.38754672624354	5.91048698282907	6.25594336869265	5.51857770989621	6.60322905843043	6.27364667833682	6.80598726895541	6.35616803362758	6.96761743636661	6.64838223839237	6.05939492181252	6.35570102005471	6.46955268126396	6.81420359440353	5.72613915110299	6.27851046786663	6.47596973965464	6.56408194394351	6.46099689705935	6.82886683300261	7.11525439192051	6.80082856081271	7.36623514126747	6.88612581143049	6.65279144654705	7.17888638207899	6.06960219553612	6.40735753799814	6.64572399964237	6.01260199023653	6.3611495191583	6.6048937044893	6.73043417770147	6.43931946039556	7.56229379191521	6.38796183728402	6.47902724582975	6.02309404928136	6.19739645309346	6.38034955507954	6.75460386339112	6.4905446311724	6.97181612041835	5.74141520944655	6.80449963903314	5.8559950133871	7.26075711950507	6.67736593395716	6.25389109552408	6.28062996791316	5.64881012044062	6.32096067956732	6.43865524763761	6.92353023188224	6.25163835635183	6.88085779216872	6.12537624729073	6.94023617564634	6.08886746082932	6.15738776200594	6.56239986829905	6.71955814929774	6.80071161355643	6.63606820470357	6.28870547719672
"M31"	4.10871158192792	4.02975884354371	7.53545066098543	5.01585443969415	4.80588166580833	7.44663559126584	6.30859835669126	5.48071367128594	4.3824263106804	4.41431168898554	3.90968731860826	4.40173497645673	6.13143100990322	4.57462363542913	3.39971916073086	5.18244710491204	5.33354520444896	4.56256743255717	6.99140663355243	7.93318475941434	6.25754886873757	3.82325369367418	6.05373092513405	6.84620619867395	4.71270802772595	4.48297917051348	6.36044928940706	3.66151901902934	3.65189943216958	6.68997529922965	3.79581992416043	3.85968043268322	6.69910149221893	5.22754080584332	6.77913125870089	5.45160130678963	6.53401481146083	6.19172734446946	7.299754254486	3.95092179790334	4.9153975846231	4.48741230742734	3.84468596819571	4.42092545576333	4.10649386535741	4.05851047898227	3.98625871997346	4.13299273790001	3.8881475082134	4.18438919249003	4.09818858962726	3.98530896043883	3.83552054467189	4.09383469498649	4.0110011998889	7.343279906537	6.2668177931547	4.17774651065445	5.82130818768769	6.93894774755841	4.8070136548964	3.728732068889	6.2886793953522	4.43961038801171	4.36526103233325	5.84000059787828	4.46405238943975	3.94700828351567	3.39971916073086	5.35829897128394	3.99378418159124	5.37826214102721	4.26114996931754	3.95372037352191	4.94828903957258	4.28192130993787	5.5114264122679	3.80570622947537	4.27387257315964	5.67159971492619	3.41098294657097	3.74503327499512	7.39534541638441	4.70156845032643	7.14087181346765	3.93214598512326	3.73960772242927	3.96124240351678	4.49271768742737	3.48585652533091	5.31139606489038	5.97895748326341	3.54168280114638	3.61367739522369	3.66519316294429	7.35234776240207	4.65303943524766	4.25198227642396	6.04016263376699	5.40565028837449	3.83955039881863	5.44462788442528	6.54952070762094	4.48380107620937	3.86990383104152	4.00868395565798	4.10291970362744	6.09664400152859	4.14484846482349	5.01498877189934	4.12962368009297	3.91182998488295	4.02770852974158	3.89878738692262	4.15219044670199	3.97093027072727	3.86990383104152	4.09159513412834	4.14484846482349
"M32"	6.46148815633259	6.0074627723913	6.71402174259755	7.08461637654774	6.47525539690671	7.1439222540162	6.62060992009145	8.12558372053703	6.00290262945278	5.9229558457149	6.33269457335127	6.32328592302812	6.97367682956112	6.43114414516694	5.55502665627353	7.40515404765329	6.29105100210668	6.41437466190887	8.0986185871904	7.22566137391655	6.78603185087927	6.32197509309149	6.50351828946649	8.48703790169765	6.05217931722336	9.02248114731843	7.31554876252297	6.71161073545123	5.92837355489698	6.9519810889168	8.72459145996429	6.55317798425761	7.0683760117692	7.96635036339236	6.79803952169611	6.96243011750675	7.00163113695115	7.61595230094713	7.18848366089053	8.08584296409926	6.99316274371943	8.26116602032965	6.39310608772953	6.90153814743262	6.07537209249119	5.85423685163972	6.04592978874897	6.27549745600091	6.06493700122446	6.31654917609863	6.22176728900048	6.26808492436192	5.96809730921856	6.26828426386045	6.27024571847958	7.19604993301854	7.42523288511838	6.24040185283079	8.00027145563906	7.12433466283036	6.27134751045701	8.94768906127169	7.11378592509439	6.31550175329458	6.09400319660268	7.56260841854894	6.3417398182982	6.23941210872657	5.61955658285491	7.87409208094031	6.53134617850636	6.53327286689204	6.11440186500086	6.53492334872925	6.45756919278353	6.40460139251723	7.88960839951505	6.24693246138958	6.47697533056498	7.09295064156949	5.63835866079956	7.08178576778826	7.1729989498179	6.62171426499713	7.27265474741876	5.95938206672522	6.34151365588353	6.47952795160445	6.54030117424719	5.59905600455281	6.86218556955594	6.79854520611019	5.80808883022062	5.88353732804547	6.12152796175411	7.18244494406857	7.21654963227655	6.21914794576551	9.35182968418769	6.69653177280478	6.22631055932691	7.55015430562065	7.54837608867103	7.09374936175513	5.86820011015308	6.29677010632942	6.17709351579943	6.78459580064869	5.79164014189462	8.55621047495509	6.28598319292898	6.26140786665389	5.94297044766949	6.05633686777692	6.40767124731166	5.96908092458947	5.95282936496946	6.26095300717807	6.62870792904365
"M33"	5.27531846415655	5.18764718724654	6.14555837887445	5.86447860417258	5.87555432967894	6.44739823036209	6.51856675759879	7.95832221185387	5.39966357973127	5.33360452351847	5.42224385004984	7.36529919255591	6.85242611830322	6.68941286884026	6.75071674715012	7.5166105034198	5.75316858189995	5.61746567024032	6.3164060353589	6.67268166931177	6.30596292265134	5.61883227233602	6.40809797116333	7.51777361308983	4.84074904652611	6.61996295851007	6.44171516745081	6.74982416772512	4.68069856896529	5.98313500109906	6.17431498290903	6.35667137051241	6.72956089678119	6.00161501934551	5.51780834578264	6.5590399759017	6.71684105082995	6.26739449402594	6.60670528315478	6.87373371908559	6.82478677313796	5.91720941255786	6.79495027508452	6.58518930139519	5.15277986627667	5.20677218022669	5.14462320603428	5.1044460604047	5.08536005804602	6.59656952504354	5.21549289461344	6.93318079214734	5.17804572459882	5.82945044723056	7.75296085982293	6.50546475766789	7.44726038397729	7.10656022658122	7.01869678028054	6.35003144944392	5.56019584221909	6.46499874654609	7.24226060846376	5.48461516256975	5.27332298944562	7.81154599361475	5.98998096586811	5.05073300185619	4.73634970621094	5.29296034409688	5.11540996285216	5.5723665624433	5.95293226757583	6.64884196213997	6.99035880440859	6.54424492796415	7.88899548262036	5.94057586992514	5.46308474941915	6.55708609981251	4.68359933261276	5.44797478261931	7.37081289683847	7.31166360150572	7.19215696766156	5.36622751465841	6.51341767351515	7.41703675993692	5.0946145588141	4.69132226818638	7.364354910852	5.40760739360399	5.06519758992064	5.10194851754227	5.08905644958556	6.90580322677975	6.84487613046873	5.40487362761629	6.33208611957936	5.58107843534463	4.89300944101029	6.54716017221275	6.22555380820502	6.07878106736425	5.1317726080088	5.56259776310966	5.70242444990487	6.3520413639508	5.26752827117905	6.02964319250307	5.93577792119423	6.97899971420985	5.01489797757102	4.91349089931015	6.36051105468925	5.14531798767577	5.1191561035981	5.18215216285238	5.96348088881704
"M4"	8.80499148171622	8.98938708038746	8.92537684221613	9.07765602302336	9.6332394786021	8.97737338870994	9.0886275293368	8.85544539704606	8.87719857772352	9.15598769353585	9.23535371228402	9.01992343775298	8.84153608856797	9.26207287483999	9.01789777651756	8.70606444343152	9.1087103477202	8.94163268178665	8.74830383487259	8.48191627067321	8.94840844305769	9.10789628880487	8.62802592511745	8.86332358607809	8.87714484938705	8.85666075488918	8.79143974527983	9.23643469883718	8.99853278885334	8.79122075783834	9.40916282486521	8.95348906349	8.68726059035776	8.95386780388501	8.80317652156085	8.74043210450026	8.66457356515856	8.84918211950898	8.89232833529725	9.04791266229679	8.91218333154114	9.2966908145581	8.8280721949448	8.96855214135842	8.914999130902	9.0252056032616	9.23595996260776	9.4009870015247	9.5499439083818	9.08934080170233	8.65008807843295	8.88023548677068	8.75255588410564	8.88572829819151	8.74597636820199	8.88630409808877	9.13489467998783	8.88797946971004	9.0467714901387	9.10350393671997	9.55875411673403	8.98513889655915	8.97115773820046	8.71373304077296	8.95280494135486	9.03625768620793	8.86903292098105	9.13700320163138	9.08772320256771	8.89442932624088	9.11939444400714	9.08151307683269	8.91372657220547	8.66464998201141	8.56698648022064	8.67503061258032	8.82166090184199	9.0003880640999	9.02565635133227	9.27935424596002	9.12132339821939	9.01302001975223	8.89049090687953	8.59647261523761	8.8208728373189	9.1598947898014	9.18498832905665	8.71899528795488	8.81152942824252	9.30207603322591	8.64126547301063	8.73766699843695	8.93502961448913	9.2385190738654	8.9890762162195	8.82251323333763	8.89977136376805	8.99830560527937	8.65933431667041	8.85751277780833	8.99945198709477	8.75226614934644	8.78954783907762	8.95448330672455	8.92178106849152	9.62100713595302	9.16807348136325	9.63940262633307	9.11800114381368	9.40864726085228	8.99116167071729	9.19182865753829	9.17813444615081	9.23801361780508	9.06273352493213	9.34573359089684	8.97697947427625	8.7801088002457	8.76975844521674
"M5"	8.52123096624593	8.53345780545821	8.91471117805418	8.94246976455756	9.5607382661998	9.17550013402216	8.61314824058764	8.30064657777561	8.29662159545733	8.8678632001912	8.7874627728509	8.77781539862424	8.66420397296948	8.72302649671845	8.90367649927517	8.32037245992678	9.14704158661635	8.52618360846768	8.25691838337433	7.8038121674667	8.68306482321424	8.58175647178655	8.6829551045498	9.0605055242644	8.33220699692288	8.40514802745591	8.73996162631854	8.8059699635091	8.61044266081739	8.7937575035679	9.17515415941398	8.51330744576989	8.38597398516167	8.61605268578452	9.08408323032778	8.60557589845105	8.86211094906361	8.6500519210005	8.91932987736804	8.76971116534807	8.96123849848903	8.81918615129475	8.31989229775869	8.74295786355745	8.71251743759444	8.41716345429645	9.1524682841852	9.1724762411622	9.48878238819325	8.91154650044763	8.72886547904138	8.34220303297665	8.4351694070175	8.55596773690173	8.24780265009802	8.82795587929607	9.03764666726201	8.46538884296415	8.87041342005916	9.33036079247908	9.18189220010948	8.82028140697249	8.83330946929867	8.19391510718961	8.68165667433095	8.73160275105796	8.72998331398186	8.98805986550264	9.00635520903868	8.71331661273804	8.9655744860607	8.71432628890826	8.52163199412025	8.39590817140043	7.849377918812	8.06829014967147	8.62628706004698	8.60905379946973	8.63103617435571	8.57755698430259	8.91765702790251	8.34410050171704	8.62141458171166	8.66711310183987	8.62594782499577	8.88344135192103	8.79165143124812	8.17804266004872	8.15860505418649	8.62408806349844	8.51179371432736	8.364884258239	8.47825498932926	9.24956451761647	8.50531603929107	8.81980748993742	8.53968368587778	8.72671828351903	8.57274924428237	8.53267506531525	8.60547709666526	8.79824652702906	8.59395999554026	8.80887537517548	8.54739707106821	9.52163108333233	8.75658992773624	9.44384774661165	8.66941475595824	9.32190176057674	8.89612806502996	8.67627348168381	9.01953156373432	8.99172690008443	8.78221843090938	9.16244773558538	8.58265824683066	8.99208168092298	8.66824709487845
"M6"	9.37727881470625	9.52447965174934	9.25805194402589	9.15949842288566	9.3922028981854	9.29697614015025	9.24876779867012	9.0030654590006	9.19011142855432	9.35634041435621	10.0647033327573	9.33433346053786	9.08078825925678	9.32908191713634	9.91821098824217	8.98890482799277	9.21848205950834	9.3176812874669	8.79927100058836	9.45359140673327	9.03591044180429	9.17774852794251	8.89390440882764	8.7805204962971	8.97024121947798	9.04490980852599	8.94842140748482	9.37951371065165	9.06796612148224	9.07141575730146	9.5733711927006	9.16606340651674	8.83346853939609	9.09177646871066	9.10504397890064	8.92489979086977	9.28793657559507	9.14276519557528	9.17363750460637	9.08622732770068	9.21548641019469	9.16637394929941	8.96031151355385	9.63461919156237	9.57810544299469	9.0795702080719	9.2944622836179	9.52937925103515	9.62599199398464	9.14471041429636	9.36964056336755	9.49099361702858	9.50971237389075	9.45590241907017	9.24094209918623	9.11257031041859	9.240338030811	8.92922395864391	9.18705763157729	9.22082064395933	9.62682746520005	9.0089703271071	9.05946523297925	9.26205078384189	9.24079131749226	9.04567082556706	9.32297652161119	9.21312065358532	9.19226552922794	9.24007979928253	9.52414091940059	9.38044372543628	9.65378790680553	9.50847760763235	9.1354082058106	9.70756219866091	9.56029801078072	9.59765472498991	9.04878377369099	9.29195349299411	9.15100686826878	9.74698757145049	8.97211445333275	9.08214741930627	8.94294958178178	9.2517051299062	9.23300105403317	9.51500217318548	9.09504638604185	9.22228151272581	8.85471491773613	8.96073205265925	9.06026983936189	9.47386348038953	9.09414291232467	8.92527407573733	9.2142394560524	9.124390231509	9.15534867012162	9.05301785399812	9.06807700062325	8.98257484299811	9.0728776163069	9.02493245234091	9.05487713125033	9.6483800984719	9.05638234834992	9.504964482138	9.13502749066486	9.44811287315313	9.1150201672606	9.17483811587354	9.20650094812568	9.34484590914026	9.16936630529429	9.40329942645861	9.6023917631056	9.51978565738917	9.02408993288945
"M7"	9.58316349601039	9.76312542359966	9.61489089044607	9.81361164962288	10.3267653273274	9.63605927736045	9.93514832468717	9.78677550701045	9.75613064871887	9.90171462993544	9.77759268081002	9.85174836276403	9.6953711591636	9.96216216454969	9.43579752206238	10.0464051139527	9.7648198647341	9.80691423013787	9.83075346950794	9.36048850828071	9.77199413935329	10.0447096497526	9.57503097782763	9.74024591711504	9.91549066087978	9.79318337484384	9.66252888049704	9.9022828623496	9.89288092026199	9.66707067986822	9.89137847501319	9.85893734186049	9.76499823888965	9.9278990709315	9.61506812938862	9.67245488652282	9.756050353674	9.81727802379002	9.72082071701885	9.81241521802565	9.51442230036001	10.0703418230518	10.0019424944809	9.59249507095597	9.60823454260917	9.94008489449794	9.99307827021414	10.1175533653832	10.223612044098	9.90922845283779	9.39466536579869	9.6614239455464	9.46459409951839	9.68142126138688	9.63326649828161	9.70442825946635	9.75574308699331	9.81771196314076	9.79651345776331	9.68753147193652	10.2394103487547	9.9327853647747	9.77185390483261	9.65892409754462	9.84788463286759	9.75408074743248	9.62642564827297	9.831376376574	9.84990647710446	9.70988564813575	9.87423808015862	9.8142837134091	9.59880737912086	9.44445085442493	9.48540296190124	9.52947000920814	9.26729523448028	9.73500111977271	9.85227213705815	10.1235062889339	9.81681154442094	9.73127181151504	9.79170740262209	9.52796126791231	9.71829011111878	10.0648111965296	9.93102062202268	9.51586632489978	9.91516261596749	10.2226271001075	9.56454367265432	9.72987867971219	9.90380856967731	9.74281129798625	9.90815116296934	9.68511825674249	9.81248872780868	9.81705977012924	9.60790682801763	9.76410806270487	9.85703729896269	9.64585575944409	9.78635251981168	9.79329926198233	9.87408812960837	10.224571189302	10.0789672491737	10.3728264303408	10.0110558211721	10.2278391086593	9.87557857947136	10.0518871013579	9.98284810476683	10.0426565505884	9.93405503648986	10.0249885367563	9.70619474802577	9.36264766802151	9.68006342124927
"M8"	10.4781352419029	10.6626279045895	10.1760814929139	10.1351457575809	10.5371953171366	9.9825528010313	10.308243117237	10.2986067519245	10.4737887242881	10.5728524960283	10.7786688519038	10.374599226826	10.0886262557921	10.5427426176247	10.5774789835131	10.3804730892517	10.2326009666786	10.6209727890652	10.2549959412292	10.4153899272771	10.1244150205145	10.4942823873811	9.96765597799235	9.98524127870567	10.4046641085377	10.3204036654583	10.0442876360904	10.6867381683058	10.4960563036246	10.1724502918099	10.4320299331112	10.3926636971273	10.2095268590599	10.4743482984182	10.0086597549147	10.0760889501175	10.2628097086853	10.3437428359501	10.2792546390379	10.0990920253455	10.0294537584971	10.5831221900717	10.3865116212345	10.4778307788348	10.5010813751916	10.4178011428749	10.4150374448296	10.6264054660536	10.8048129851386	10.3947072465679	10.3365593214416	10.5333272887848	10.6044574098136	10.5639639744228	10.4971089409281	10.0229928331468	10.14608580093	10.163913029081	10.1710165674335	10.0457111586743	10.7912341723278	10.2260536913918	10.2356370862619	10.5096137524951	10.4456965666216	10.1270512527095	10.2461627983176	10.2992139496236	10.3180140824299	10.289830871875	10.4763673149942	10.3393200034659	10.6458500722033	10.376956548346	10.2538404697433	10.6010657112465	10.1322054306757	10.8009045859795	10.3966232188466	10.6903006272511	10.3638010774842	10.8246545462988	10.1566051259621	10.1581017857576	10.1456106346788	10.5043856528486	10.5229637620721	10.482789994628	10.577350081521	10.8179885014506	9.90687308266427	10.1761661390554	10.5056998857479	10.3214710873945	10.6089423559494	10.1114440996161	10.2725500153699	10.1419468203673	10.2329876254889	10.1784035727213	10.439309902012	9.97769521774961	10.2129110615442	10.1332950856901	10.3401179271237	10.6982250359785	10.4719950774733	10.8864046501731	10.4450685890597	10.6394598607583	10.3511347340072	10.7653883672482	10.4814603550409	10.6744664920513	10.3648781414592	10.5412876920137	10.6427644415742	10.3607664715306	10.0939809155519
"M9"	7.63327284695553	9.08183861265399	8.12822893116932	9.06846542377368	9.54108666568413	8.19863624954318	8.25747024861565	8.28174956625973	8.65843072684174	8.68747092209627	9.49302514259443	8.94559976978037	8.04526988947613	9.16321351534166	8.8857958520453	8.265281717194	9.03519271664041	9.22551134102053	8.18613037784965	7.918279436883	8.88620943621292	9.11457190423603	7.93274756333546	8.07347333194423	9.01991155055029	8.38736756158434	8.03818895199453	8.8871817790017	8.86771247282139	8.14666905861371	9.06332301379274	8.90412606508099	8.15082175165151	9.19819797767159	7.96938431545979	7.95394212331155	8.40275230594205	8.69255747813098	8.16889580735725	8.47683310683416	7.89549904042525	8.90474156617453	7.9892078765737	9.05931115123569	9.20159817656768	8.95261932324759	8.85354602392827	9.44189832243222	9.04079105215813	9.01866386844656	8.37511730781164	8.7615220469811	8.5878956389457	8.46354484592328	8.39622596088483	8.01472898253584	8.49923832202018	7.92866785312092	8.2625208883688	8.61825809670004	9.34450765203233	8.50172102998744	8.60077482114515	8.35939099640176	8.71570222359088	8.56644630019016	8.48724446906778	9.31468257186879	9.00405659885191	9.08827930773235	9.23821696528749	9.13600083181179	9.42323087681741	8.64511967885285	8.07560267148472	9.03160680322057	8.52513338887799	9.21004895522938	9.07184708765582	9.27111907128439	8.95432067960594	9.25012653122219	8.24553370416899	7.94279966045074	8.16026118720275	9.14659839382261	9.07203715752911	8.07945525654582	9.56841405298508	9.3231129305291	8.10703267577755	7.77897440315335	9.07882728638112	9.15837288205574	9.07564586067301	8.2775166688067	8.60773756939043	9.21223572294367	8.7251650186772	9.25481812293248	9.308497824846	8.25863363400264	8.30454232915334	9.20410073571303	8.85171578559282	8.79845555376325	9.58912508853244	9.25767597086162	9.42608128044027	9.14357360679779	8.76024494414361	8.72565038615599	9.08366042850981	8.72283214363379	8.21493093017818	9.14314530113682	9.21260696002529	9.21900220540282	7.91295648478247
"Not.Correlated"	4.9119043415713	4.76870873386722	4.73465441267323	4.88141338310536	4.75191817461417	4.94290665623928	4.75831580569704	4.72288588303225	4.89083228637751	4.84473778426169	4.68927510643874	4.70683456072024	4.81047455716262	4.7707777443101	4.60099342375517	5.07467232218619	4.80257091050331	4.57914509170464	4.6397103148356	4.70170913191415	4.63433840184716	4.91069437924732	4.66000461350868	4.72884003193833	4.8040256814955	4.56194911917477	4.76493731714593	4.98876182018071	4.80697764959604	4.72547661870544	4.80612244580186	5.03542855943033	5.09363890889133	4.76643156272893	4.88666380719622	4.82034346207408	4.88080886118004	4.39803135427168	4.73418069496732	4.91658670221291	4.77796646171176	4.70707432006035	4.88255163341294	4.72436750319816	4.77719716884718	4.78828452121909	5.00841517766277	4.79219738412731	4.62221201425305	4.5670710728437	4.75638662792353	4.69007541352843	4.68188782960342	4.68720835494782	5.1329919135005	4.58637175459499	4.97544801754773	4.70270213219051	4.88971283636578	4.7947628765377	4.65648487249079	4.69636468874913	4.94702734449946	4.82273558573035	4.52019116710755	4.61005101115432	4.73213528860711	4.83849019965045	4.86882349314224	4.66440912701891	4.75412597866853	4.65440196006944	4.75300790348382	4.98104206613708	4.79051268011962	4.88141626244363	4.74874481315392	4.51517576325541	5.16573359458731	4.88088031863847	4.79341907206111	4.86938059827198	4.71329414451299	4.68864100946377	4.63755917638841	4.90754589848621	4.77249708148895	4.71915159516958	4.84684599020667	4.74777047461846	4.84963233591384	4.75900290992685	4.77438727888805	4.77292522449202	4.82046274398057	5.03008378699252	4.75947793868417	5.02690634646614	5.01975082747883	4.649064123001	4.75045750711417	4.78502636007108	4.98981808480245	5.13674922438165	4.69705535846495	4.93336204526325	4.79894375565899	4.86848836076273	4.70963375123305	4.53750268783625	4.75838274776513	5.05790274540031	4.82644042349403	4.85394590180413	4.9468104309815	4.81248767327638	4.74288627339536	4.89912613922738	5.10472136576399
